Workbook

Sheet Products
A1: ProductID | B1: Product | C1: Price | D1: Ordered or not
A2: 101 | B2: Product A | C2: 120 | D2: =IF(COUNTIF(Orders!B:B,A2)=0,"Not Ordered","Ordered") -> Ordered
A3: 102 | B3: Product B | C3: 150 | D3: =IF(COUNTIF(Orders!B:B,A3)=0,"Not Ordered","Ordered") -> Ordered
A4: 103 | B4: Product C | C4: 200 | D4: =IF(COUNTIF(Orders!B:B,A4)=0,"Not Ordered","Ordered") -> Ordered
A5: 104 | B5: Product D | C5: 90 | D5: =IF(COUNTIF(Orders!B:B,A5)=0,"Not Ordered","Ordered") -> Ordered
A6: 105 | B6: Product E | C6: 220 | D6: =IF(COUNTIF(Orders!B:B,A6)=0,"Not Ordered","Ordered") -> Ordered
A7: 106 | B7: Product F | C7: 130 | D7: =IF(COUNTIF(Orders!B:B,A7)=0,"Not Ordered","Ordered") -> Ordered
A8: 108 | B8: ProductG | C8: 240 | D8: =IF(COUNTIF(Orders!B:B,A8)=0,"Not Ordered","Ordered") -> Not Ordered

Sheet Orders
A1: OrderID | B1: ProductID | C1: Quantity | D1: ProductName | E1: Price | F1: TotalPrice | G1: 10% Discount Price | H1: Total Quantity Sold per Product | I1: product status
A2: 1 | B2: 101 | C2: 2 | D2: =VLOOKUP(B2,Products!A:C,2,FALSE) -> Product A | E2: =VLOOKUP(B2,Products!A:C,3,FALSE) -> 120 | F2: =C2*E2 -> 240 | G2: =VLOOKUP(B2,Products!A:C,3,FALSE)*0.9 -> 108 | H2: =SUMIF(Orders!D:D,$D2,Orders!C:C) -> 2 | I2: =IF(ISNA(VLOOKUP(B2,Products!A:C,2,FALSE)),"Not Found","Found") -> Found
A3: 2 | B3: 103 | C3: 1 | D3: =VLOOKUP(B3,Products!A:C,2,FALSE) -> Product C | E3: =VLOOKUP(B3,Products!A:C,3,FALSE) -> 200 | F3: =C3*E3 -> 200 | G3: =VLOOKUP(B3,Products!A:C,3,FALSE)*0.9 -> 180 | H3: =SUMIF(Orders!D:D,$D3,Orders!C:C) -> 1 | I3: =IF(ISNA(VLOOKUP(B3,Products!A:C,2,FALSE)),"Not Found","Found") -> Found
A4: 3 | B4: 105 | C4: 4 | D4: =VLOOKUP(B4,Products!A:C,2,FALSE) -> Product E | E4: =VLOOKUP(B4,Products!A:C,3,FALSE) -> 220 | F4: =C4*E4 -> 880 | G4: =VLOOKUP(B4,Products!A:C,3,FALSE)*0.9 -> 198 | H4: =SUMIF(Orders!D:D,$D4,Orders!C:C) -> 4 | I4: =IF(ISNA(VLOOKUP(B4,Products!A:C,2,FALSE)),"Not Found","Found") -> Found
A5: 4 | B5: 106 | C5: 3 | D5: =VLOOKUP(B5,Products!A:C,2,FALSE) -> Product F | E5: =VLOOKUP(B5,Products!A:C,3,FALSE) -> 130 | F5: =C5*E5 -> 390 | G5: =VLOOKUP(B5,Products!A:C,3,FALSE)*0.9 -> 117 | H5: =SUMIF(Orders!D:D,$D5,Orders!C:C) -> 3 | I5: =IF(ISNA(VLOOKUP(B5,Products!A:C,2,FALSE)),"Not Found","Found") -> Found
A6: 5 | B6: 102 | C6: 5 | D6: =VLOOKUP(B6,Products!A:C,2,FALSE) -> Product B | E6: =VLOOKUP(B6,Products!A:C,3,FALSE) -> 150 | F6: =C6*E6 -> 750 | G6: =VLOOKUP(B6,Products!A:C,3,FALSE)*0.9 -> 135 | H6: =SUMIF(Orders!D:D,$D6,Orders!C:C) -> 5 | I6: =IF(ISNA(VLOOKUP(B6,Products!A:C,2,FALSE)),"Not Found","Found") -> Found
A7: 6 | B7: 104 | C7: 6 | D7: =VLOOKUP(B7,Products!A:C,2,FALSE) -> Product D | E7: =VLOOKUP(B7,Products!A:C,3,FALSE) -> 90 | F7: =C7*E7 -> 540 | G7: =VLOOKUP(B7,Products!A:C,3,FALSE)*0.9 -> 81 | H7: =SUMIF(Orders!D:D,$D7,Orders!C:C) -> 6 | I7: =IF(ISNA(VLOOKUP(B7,Products!A:C,2,FALSE)),"Not Found","Found") -> Found
A8: 7 | B8: 134 | I8: =IF(ISNA(VLOOKUP(B8,Products!A:C,2,FALSE)),"Not Found","Found") -> Not Found
